{
    "mean": [
        439.51428571428573,
        437.8857142857143,
        0.025560000000000006,
        0.023102857142857147
    ],
    "scale": [
        37.69529825063176,
        38.04791822994595,
        0.09260444358360223,
        0.09271400105613356
    ]
}